label,text,category
Parties.,"1. Parties.
[insert name],
the ""SELLER,"" agrees to sell and
[insert name], the ""BUYER,"" agrees to buy, the premises described in paragraph 2 on the terms set forth below.
BUYER may require the conveyance to be made to another person or entity (""Nominee"") upon notification in
writing to SELLER at least five business days prior to the date for performance set forth in paragraph 5.
Designation of a Nominee shall not discharge the BUYER from any obligation under this Agreement and
BUYER herebyagrees to guaranteeperformanceby the Nominee.",General
"Description Of Premises. Thepremises (the ""Premises"")consist oftheland containing approximately","2. Description Of Premises. Thepremises (the ""Premises"")consist oftheland containing approximately
acres, moreorless, described as
as morespecificallydescribed in adeed recorded in the Registry of Deeds at
Book , Page , [Certificate No. ] acopyofwhich is is not
[chooseone] attached.",Property
Purchase Price. ThepurchasepriceforthePremises is $,"3. Purchase Price. ThepurchasepriceforthePremises is $
dollars ofwhich
$ werepaid as adepositwith Contract To Purchase; and
$ are paid with this Agreement;and
$ are to bepaid at thetime forperformancebybank, cashier's or certified check orbywire.
$ Total",Payment
"Escrow. All funds deposited or paid by the BUYER shall be held in a non-interest bearing escrow account,","4. Escrow. All funds deposited or paid by the BUYER shall be held in a non-interest bearing escrow account,
by , as agent for the SELLER, subject
to the terms of this Agreement and shall be paid or otherwise duly accounted for at the time for performance. If a
dispute arises between the BUYER and SELLER concerning to whom escrowed funds should be paid, the
escrow agent may retain all escrowed funds pending written instructions mutually given by the BUYER and the
SELLER. The escrow agent shall abide by any Court decision concerning to whom the funds shall be paid and
shall not be made a party to a lawsuit solely as a result of holding escrowed funds. Should the escrow agent be
made a party in violation of this paragraph, the escrow agent shall be dismissed and the party asserting a claim
against the escrow agent shall pay theagent's reasonableattorneys'fees and costs.",Payment
Time For Performance. The SELLER shall deliver the deed and the BUYER shall pay the balance of the,"5. Time For Performance. The SELLER shall deliver the deed and the BUYER shall pay the balance of the
purchasepriceat o'clock . m. on the dayof , ,at the
Registry of Deeds, or at such other time and place as is mutually agreed.
TIME IS OF THE ESSENCE AS TO EACH PROVISION OF THIS AGREEMENT. Unless the deed and other
documents required by this Agreement are recorded at the time for performance, all documents and funds are to
be held in escrow, pending prompt rundown of the title and recording (or registration in the case of registered
land). SELLER'S attorney or other escrow agent may disburse funds after 5:00 p.m. of the next business day
BUYER'SInitials BUYER'SInitials BUYER'SInitials SELLER'SInitials SELLER'SInitials SELLER'SInitials
following the date for performance, provided that the recording attorney has not reported a problem outside the
recording attorney's control.",Property
Title/Plans. The SELLER shall convey the Premises by a good and sufficient quitclaim deed running to the,"6. Title/Plans. The SELLER shall convey the Premises by a good and sufficient quitclaim deed running to the
BUYER or to the BUYER'S nominee, conveying good and clear record and marketable title to the Premises, free
from liens and encumbrances, except:
(a) Real estatetaxes assessed on thePremises which arenot yet due and payable;
(b) Betterment assessments, if any, which are not a recorded lien on thedateofthis Agreement;
(c) Federal, state and local laws, ordinances, bylaws, rules and regulations regulating use of land, including
building codes, zoning bylaws, health and environmental laws;
(d) Any easement, restriction or agreement of record presently in force which does not interfere with the
reasonableuseofthePremises for ;
(e) Utilityeasements in the adjoining ways;
(f) Matters that would bedisclosed byan accurate surveyof thePremises; and
(g)
[insertin(g)referencestoany othereasement,restriction,lease orencumbrancewhichmay continue aftertitleistransferred]
If the deed refers to a plan needed to be recorded with it, at the time for performance the SELLER shall deliver
theplan with thedeed in properform for recording or registration.",Property
Title Insurance. BUYER'S obligations are contingent upon the availability (at normal premium rates) of an,"7. Title Insurance. BUYER'S obligations are contingent upon the availability (at normal premium rates) of an
owner's title insurance policy insuring BUYER'S title to the premises without exceptions other than the standard
exclusions from coverage printed in the current American Land Title Association (""ALTA"") policy cover, the
standard printed exceptions contained in the ALTA form currently in use for survey matters and real estate taxes
(which shall only except real estate taxes not yet due and payable) and those exceptions permitted by paragraph 6
ofthis Agreement.",General
Closing Certifications and Documents. The SELLER shall execute and deliver simultaneously with the,"8. Closing Certifications and Documents. The SELLER shall execute and deliver simultaneously with the
delivery of the deed such certifications and documents as may customarily and reasonably be required by the
BUYER'S attorney, BUYER'S lender, BUYER'S lender's attorney or any title insurance company insuring the
BUYER'S title to the Premises, including, without limitation, certifications and documents relating to: (a) parties
in possession of the Premises; (b) the creation of mechanics' or materialmen's liens; (c) the underlying financial
terms of the purchase and sale; (d) the citizenship and residency of SELLER; and (e) information required to
permit the closing agent to report the transaction to the Internal Revenue Service. At the time of delivery of the
deed, the SELLER may use monies from the purchase to clear the title, provided that all documents related
thereto are recorded with the deed or within a reasonable time thereafter acceptableto the BUYER and, provided
further, that discharges of mortgages from banks, credit unions, insurance companies and other institutional
lenders may be recorded within a reasonable time after recording of the deed in accordance with usual
conveyancing practices. The SELLER'S spouse hereby agrees to release all statutory, common law or other
rights or interest in thePremises and to executethedeed, if necessary.",General
Possession And Condition Of Premises. At the time for performance the Premises also shall comply with,"9. Possession And Condition Of Premises. At the time for performance the Premises also shall comply with
the requirements of paragraph 6 and there shall be no outstanding notices of violation of any zoning, health,
environmental or other law, bylaw, code or regulation, except as agreed. The BUYER shall have the right to
examine the Premises within forty-eight (48) hours prior to the time for performance or such other time as may
be agreed and upon reasonable notice to SELLER for the purpose of determining compliance with this
paragraph.
2
BUYER'SInitials BUYER'SInitials BUYER'SInitials SELLER'SInitials SELLER'SInitials SELLER'SInitials",Property
Extension Of Time For Performance. If the SELLER cannot convey title as required by this Agreement or,"10. Extension Of Time For Performance. If the SELLER cannot convey title as required by this Agreement or
cannot deliver possession of the Premises as agreed, or if at the time of the delivery of the deed the Premises do
not conform with the requirements set forth in this Agreement, upon written notice given no later than the time
for performance from either party to the other, the time for performance shall be automatically extended for
thirty (30) days, except that if BUYER'S mortgage commitment expires or the terms will materially and
adversely change in fewer than thirty (30) days, the time for performance set forth in paragraph 5 shall be
extended to one business day before expiration of the mortgage commitment. SELLER shall use reasonable
efforts to make title conform or to deliver possession as agreed, or to make the Premises conform to the
requirements of this Agreement. Excluding discharge of mortgages and liens, about which the SELLER has
actual knowledge at the time of signing this Agreement, the SELLER shall not be required to incur costs or
expenses totaling in excess of ($ )
to make the title or the Premises conform or to deliver possession as agreed. If at the expiration of the time for
performance, or if there has been an extension, at the expiration of the time for performance as extended, the
SELLER, despite reasonable efforts, cannot make the title or Premises conform, as agreed, or cannot deliver
possession, as agreed, then, at the BUYER'S election, any payments made by the BUYER pursuant to this
Agreement shall be immediately returned. Upon return of all such funds, all obligations of the BUYER and
SELLER shall terminate and this Agreement shall automatically become void and neither the BUYER nor
SELLERshall havefurtherrecourse orremedyagainst the other.",Legal
Acceptance Of Deed. The BUYER shall have the right to accept such title to the Premises as the SELLER,"11. Acceptance Of Deed. The BUYER shall have the right to accept such title to the Premises as the SELLER
can deliver at the time for performance and if extended, shall have such right at the time for performance, as
extended. The BUYER shall also have the right to accept the Premises in the then current condition and to pay
the purchase price without reduction of price. Upon notice in writing of BUYER'S decision to accept the
Premises and title, the SELLER shall convey title and deliver possession. Acceptance of a deed by the BUYER
or BUYER'S nominee, if any, shall constitute full performance by the SELLER and shall be deemed to release
and discharge the SELLER from every duty and obligation set forth in this Agreement, except any duty or
obligation of the SELLER that the SELLER has agreed to perform after the time for performance.
Notwithstanding the foregoing, all warranties madeby theSELLERshall survivedeliveryofthedeed.",Property
Adjustments. At the time for performance of this Agreement adjustments shall be made as of the date of,"12. Adjustments. At the time for performance of this Agreement adjustments shall be made as of the date of
performance for current real estate taxes. The net total of such adjustments shall be added to or deducted from
the purchase price payable by the BUYER at the time for performance. If the real estate tax rate or assessment
has not been established at the time for performance, apportionment of real estate taxes shall be made on the
basis of the tax for the most recent tax year with either party having the right to request apportionment within
twelvemonths ofthedatethat theamount ofthecurrent year's tax is established.",Legal
Acknowledgment Of Fee Due Broker. The SELLER and BUYER acknowledge that a fee of,"13. Acknowledgment Of Fee Due Broker. The SELLER and BUYER acknowledge that a fee of
( ) for professional services shall be paid by the
SELLERto , the""BROKER"", at thetimeforperformance. In theevent of
a conflict between the terms of this Agreement and a prior fee agreement with BROKER, the terms of the prior
fee agreement shall control unless BROKER has expressly agreed to a change in writing. The BUYER and
SELLER acknowledge receipt of a notice from BROKER, pursuant to 254 of the Code of Massachusetts
Regulations Section 3.0 (13), regarding any agency relationship of the BROKER with the BUYER and/or the
SELLER. The BUYER and SELLERunderstand that [insert name],
areal estate agent, is seeking a fee from [nameof listing agent, seller
or buyer, if applicable] for services rendered as a seller's subagent buyer's agent [chooseone].The
BUYER further represents and warrants that there is no other broker with whom BUYER has dealt in connection
with the purchaseofthe Premises.
3
BUYER'SInitials BUYER'SInitials BUYER'SInitials SELLER'SInitials SELLER'SInitials SELLER'SInitials",Payment
"Buyer's Default. If the BUYER or BUYER'S nominee breaches this Agreement, all escrowed funds paid or","14. Buyer's Default. If the BUYER or BUYER'S nominee breaches this Agreement, all escrowed funds paid or
deposited by the BUYER shall be paid to the SELLER as liquidated damages. Receipt of such payment shall
constitute the SELLER'S sole remedy, at law, in equity or otherwise, for BUYER'S default. The BUYER and
SELLER agree that in the event of default by the BUYER the amount of damages suffered by the SELLER will
not be easy to ascertain with certainty and, therefore, BUYER and SELLER agree that the amount of the
BUYER'S deposit represents areasonableestimateof thedamages likelyto besuffered.",Payment
Buyer's Financing. (Delete if Waived) The BUYER'S obligation to purchase is conditioned upon obtaining,"15. Buyer's Financing. (Delete if Waived) The BUYER'S obligation to purchase is conditioned upon obtaining
mortgage financing in the amount of $ at prevailing rates and terms
by . If, despite reasonable efforts, the BUYER has been unable to obtain
such financing the BUYER may terminate this Agreement by giving written notice that is received by SELLER
or SELLER'S agent by 5:00 p.m. on the calendar day after the date set forth above. In the event that notice has
not been actually or constructively received, this condition is deemed waived. In the event that due notice has
been received, all monies deposited or paid by the BUYER shall be returned and all obligations of the BUYER
and SELLER pursuant to this Agreement shall cease and this Agreement shall become void. In no event shall the
BUYER be deemed to have used reasonable efforts to obtain financing unless the BUYER has submitted at least
one(1) application to alicensed mortage lenderby
and acted reasonablypromptlyin providing anyadditional information requested bythemortgagelender.",General
Tests/Survey. (Delete If Waived) The BUYER'S obligations under this Agreement are subject to BUYER'S,"16. Tests/Survey. (Delete If Waived) The BUYER'S obligations under this Agreement are subject to BUYER'S
right to obtain test(s), inspection(s) and a survey of the Premises or any aspect thereof, including, but not limited
to, percolation, deep hole, septic/sewer, water quality, and water drainage by consultant(s) regularly in the
business of conducting said test(s), inspections and surveys, of BUYER'S own choosing, and at BUYER'S sole
cost within days after SELLER'S acceptance of this agreement. If the results are not satisfactory to
BUYER, in BUYER'S sole discretion, BUYER shall have the right to give written notice received by the
SELLER or SELLER'S agent by 5:00 p.m. on the calendar day after the date set forth above, terminating this
agreement. Upon receipt of such notice this agreement shall be void and all monies deposited by the BUYER
shall be returned. Failure to provide timely notice of termination shall constitute a waiver. In the event that the
BUYER does not exercise the right to have such test(s), inspection(s) and survey or to so terminate, the SELLER
and the listing broker are each released from claims relating to the size suitability or condition of the Premises
that theBUYER or theBUYER'S consultants could reasonablyhave discovered.",Legal
Warranties And Representations. The SELLER further represents and warrants that SELLER has full,"17. Warranties And Representations. The SELLER further represents and warrants that SELLER has full
authority to enter into this Agreement. The BUYER acknowledges that BUYER has not relied upon any
warranties or representations other than those incorporated in this Agreement, except for the following additional
warranties and representations, ifany, madebyeithertheSELLERor anyreal estateagent
[Ifnone, state ""none""; ifanylisted, indicatebywhom thewarranty or representation was made.]",General
Notices. All notices required or permitted to be made under this Agreement shall be in writing and delivered,"18. Notices. All notices required or permitted to be made under this Agreement shall be in writing and delivered
in hand, sent by certified mail, return receipt requested or sent by United States Postal Service overnight Express
Mail or other overnight delivery service, addressed to the BUYER or SELLER or their authorized representative
at the address set forth in this paragraph. Such notice shall be deemed to have been given upon delivery or, if
sent by certified mail on the date of delivery set forth in the receipt or in the absence of a receipt three business
days after deposited or, if sent by overnight mail or delivery, the next business day after deposit with the
4
BUYER'SInitials BUYER'SInitials BUYER'SInitials SELLER'SInitials SELLER'SInitials SELLER'SInitials
overnight mail or delivery service, whether or not a signature is required. Acceptance of any notice, whether by
delivery or mail, shall be sufficient if accepted or signed by a person having express or implied authority to
receivesame. Noticeshall also bedeemed adequateif given in anyotherform permitted by law.
BUYER SELLER",Legal
Counterparts / Facsimiles / Construction Of Agreement. This Agreement may be executed in,"19. Counterparts / Facsimiles / Construction Of Agreement. This Agreement may be executed in
counterparts. Signatures transmitted by facsimile shall have the effect of original signatures. This Agreement
shall be construed as a Massachusetts contract; is to take effect as a sealed instrument; sets forth the entire
agreement between the parties; is binding upon and is intended to benefit the BUYER and SELLER and each of
their respective heirs, devisees, executors, administrators, successors and assigns; and may be canceled, modified
or amended only by a written agreement executed by both the SELLER and the BUYER. If two or more persons
are named as BUYER their obligations are joint and several. If the SELLER or BUYER is a trust, corporation,
limited liability company or entity whose representative executes this Agreement in a representative or fiduciary
capacity, only the principal or the trust or estate represented shall be bound, and neither the trustee, officer,
shareholder or beneficiary shall be personally liable for any obligation, express or implied. The captions and any
notes are used only as a matter of convenience and are not to be considered a part of this Agreement and are not
to be used in determining the intent of the parties. Any matter or practice which has not been addressed in this
Agreement and which is the subject of a Title Standard or Practice Standard of the Massachusetts Conveyancers
Association at the time for performance shall be governed by the Standards and Practices of the Massachusetts
Conveyancers Association.",Legal
Additional Provisions.,"20. Additional Provisions.
UPON SIGNING, THIS DOCUMENT WILL BECOME A LEGALLY BINDING AGREEMENT. IF NOT
UNDERSTOOD, SEEK ADVICE FROM AN ATTORNEY.
BUYER Date SELLER Date
BUYER Date SELLER, or spouse Date
BUYER Date SELLER, or spouse Date
Escrow Agent. By signing below, the escrow agent agrees to perform in accordance with paragraph 4, but does
not otherwisebecome a party to this Agreement.
Date
5
BUYER'SInitials BUYER'SInitials BUYER'SInitials SELLER'SInitials SELLER'SInitials SELLER'SInitials",General
Definition of Confidential Information. “Confidential Information” means,"1. Definition of Confidential Information. “Confidential Information” means
information and physical material not generally known or available outside Discloser and
information and physical material entrusted to Discloser in confidence by third parties.
Confidential Information includes, without limitation: technical data, trade secrets, know-how,
research, product or service ideas or plans, software codes and designs, algorithms,
developments, inventions, patent applications, laboratory notebooks, processes, formulas,
techniques, mask works, engineering designs and drawings, hardware configuration information,
agreements with third parties, lists of, or information relating to, employees and consultants of
the Discloser (including, but not limited to, the names, contact information, jobs, compensation,
and expertise of such employees and consultants), lists of, or information relating to, suppliers
and customers, price lists, pricing methodologies, cost data, market share data, marketing plans,
licenses, contract information, business plans, financial forecasts, historical financial data,
budgets or other business information disclosed by Discloser (whether by oral, written, graphic
or machine-readable format), which Confidential Information is designated in writing to be
confidential or proprietary, or if given orally, is confirmed in writing as having been disclosed as
confidential or proprietary within a reasonable time (not to exceed thirty (30) days) after the oral
disclosure, or which information would, under the circumstances, appear to a reasonable person
to be confidential or proprietary.",Confidentiality
Nondisclosure of Confidential Information. Recipient shall not use any,"2. Nondisclosure of Confidential Information. Recipient shall not use any
Confidential Information disclosed to it by Discloser for its own use or for any purpose other
than to carry out discussions concerning, and the undertaking of, the Relationship. Recipient
shall not disclose or permit disclosure of any Confidential Information of Discloser to third
parties or to employees of Recipient, other than directors, officers, employees, consultants and
agents of Recipient who are required to have the information in order to carry out the discussions
OHSUSA:762685764
regarding the Relationship. Recipient shall take reasonable measures to protect the secrecy of
and avoid disclosure or use of Confidential Information of Discloser in order to prevent it from
falling into the public domain or the possession of persons other than those persons authorized
under this Agreement to have any such information. Such measures shall include the degree of
care that Recipient utilizes to protect its own Confidential Information of a similar nature.
Recipient shall notify Discloser of any misuse, misappropriation or unauthorized disclosure of
Confidential Information of Discloser which may come to Recipient’s attention.",Confidentiality
"Exceptions. Notwithstanding the above, information disclosed hereunder shall","3. Exceptions. Notwithstanding the above, information disclosed hereunder shall
not be considered “Confidential Information” as defined herein where Recipient can prove that
such information:
(a) was in the public domain at the time it was disclosed or has entered the
public domain through no fault of Recipient;
(b) was known to Recipient, without restriction, at the time of disclosure, as
demonstrated by files in existence at the time of disclosure;
(c) becomes known to Recipient, without restriction, from a source other than
Discloser without breach of this Agreement by Recipient and otherwise not in violation of
Discloser’s rights;
(d) is disclosed with the prior written approval of Discloser; or
(e) is disclosed pursuant to the order or requirement of a court, administrative
agency, or other governmental body; provided, however, that Recipient shall provide prompt
notice of such court order or requirement to Discloser to enable Discloser to seek a protective
order or otherwise prevent or restrict such disclosure.",General
"Return of Materials. Recipient shall, except as otherwise expressly authorized","4. Return of Materials. Recipient shall, except as otherwise expressly authorized
by Discloser, not make any copies or duplicates of any Confidential Information. Any materials
or documents that have been furnished by Discloser to Recipient in connection with the
Relationship shall be promptly returned by Recipient, accompanied by all copies of such
documentation, within ten (10) days after (a) the Relationship has been rejected or concluded or
(b) the written request of Discloser.",General
No Rights Granted. Nothing in this Agreement shall be construed as granting,"5. No Rights Granted. Nothing in this Agreement shall be construed as granting
any rights under any patent, copyright or other intellectual property right of Discloser, nor shall
this Agreement grant Recipient any rights in or to Discloser’s Confidential Information other
than the limited right to review such Confidential Information solely for the purpose of
determining whether to enter into the Relationship. Nothing in this Agreement requires the
disclosure of any Confidential Information, which shall be disclosed, if at all, solely at
Discloser’s option. Nothing in this Agreement requires the Discloser to proceed with the
Relationship or any transaction in connection with which the Confidential Information may be
disclosed.",Legal
"No Representations Made. Recipient acknowledges that neither Discloser, nor","6. No Representations Made. Recipient acknowledges that neither Discloser, nor
any of its representatives, in the course of providing the Confidential Information as
OHSUSA:762685764 -2-
contemplated hereunder, is making any representation or warranty (express or implied) as to the
accuracy or completeness of any such information, and Recipient assumes full responsibility for
all conclusions derived from such information. Recipient shall be entitled to, and shall, rely
solely on representations and warranties made in a definitive agreement, if any, relating to the
Relationship.",General
Notice of Compelled Disclosure. In the event that Recipient or any person to,"7. Notice of Compelled Disclosure. In the event that Recipient or any person to
whom they or their representatives transmit or have transmitted Confidential Information
become legally compelled (by oral questions, interrogatories, requests for information or
documents, subpoenas, civil investigative demands or otherwise) to disclose any such
Confidential Information, the Recipient shall provide the Discloser with prompt written notice so
that the Discloser may seek a protective order or other appropriate remedy, or both, or waive
compliance with the provisions of this Agreement. In the event that the Discloser is unable to
obtain a protective order or other appropriate remedy, or if it so directs the Recipient, the
Recipient shall furnish only that portion of the Confidential Information that the Recipient is
advised by written opinion of its counsel is legally required to be furnished by it and shall
exercise its reasonable best efforts to obtain reliable assurance that confidential treatment shall
be accorded such Confidential Information.",General
Common Interest Agreement. To the extent that any Confidential Information,"8. Common Interest Agreement. To the extent that any Confidential Information
provided or made available hereunder may include material subject to the attorney-client
privilege, work product doctrine or any other applicable privilege concerning pending or
threatened legal proceedings or governmental investigations, Recipient and Discloser understand
and agree that they have a commonality of interest with respect to such matters and it is their
desire, intention and mutual understanding that the sharing of such material is not intended to,
and shall not, waive or diminish in any way the confidentiality of such material or its continued
protection under the attorney-client privilege, work product doctrine or other applicable
privilege. All Confidential Information provided or made available by Discloser that is entitled
to protection under the attorney-client privilege, work product doctrine or other applicable
privilege shall remain entitled to such protection under these privileges, this Agreement, and
under the joint defense doctrine. Nothing in this Agreement obligates Discloser to reveal
material subject to the attorney-client privilege, work product doctrine or any other applicable
privilege.",Confidentiality
Term. The foregoing commitments of each party shall survive any termination of,"9. Term. The foregoing commitments of each party shall survive any termination of
the Relationship between the parties.",Termination
"Independent Contractors. The parties are independent contractors, and nothing","10. Independent Contractors. The parties are independent contractors, and nothing
contained in this Agreement shall be construed to constitute the parties as partners, joint
venturers, co-owners or otherwise as participants in a joint or common undertaking.",General
Remedies. Each party’s obligations set forth in this Agreement are necessary and,"11. Remedies. Each party’s obligations set forth in this Agreement are necessary and
reasonable in order to protect Discloser and its business. Due to the unique nature of Discloser’s
Confidential Information, monetary damages shall be inadequate to compensate Discloser for
any breach by Recipient of its covenants and agreements set forth in this Agreement.
Accordingly, the parties each agree and acknowledge that any such violation or threatened
violation may cause irreparable injury to Discloser and, in addition to any other remedies that
OHSUSA:762685764 -3-
may be available, in law, in equity or otherwise, Discloser shall be entitled to obtain injunctive
relief against the threatened breach of this Agreement or the continuation of any such breach by
Recipient.",Legal
Miscellaneous.,"12. Miscellaneous.
(a) Governing Law. The validity, interpretation, construction and
performance of this Agreement, and all acts and transactions pursuant hereto and the rights and
obligations of the parties hereto shall be governed, construed and interpreted in accordance with
the laws of the state of California, without giving effect to principles of conflicts of law.
(b) Entire Agreement. This Agreement sets forth the entire agreement and
understanding of the parties relating to the subject matter herein and supersedes all prior or
contemporaneous discussions, understandings and agreements, whether oral or written, between
them relating to the subject matter hereof.
(c) Amendments and Waivers. No modification of or amendment to this
Agreement, nor any waiver of any rights under this Agreement, shall be effective unless in
writing signed by the parties to this Agreement. No delay or failure to require performance of
any provision of this Agreement shall constitute a waiver of that provision as to that or any other
instance.
(d) Successors and Assigns. Except as otherwise provided in this
Agreement, this Agreement, and the rights and obligations of the parties hereunder, will be
binding upon and inure to the benefit of their respective successors, assigns, heirs, executors,
administrators and legal representatives. The Discloser may assign any of its rights and
obligations under this Agreement. No other party to this Agreement may assign, whether
voluntarily or by operation of law, any of its rights and obligations under this Agreement, except
with the prior written consent of the Discloser. Notwithstanding the foregoing, Confidential
Information of Discloser may not be assigned without the prior written consent of Discloser,
unless the assignee shall be the successor entity to the assignor upon the dissolution of the
assignor in its present form.
(e) Notices. Any notice, demand or request required or permitted to be
given under this Agreement shall be in writing and shall be deemed sufficient when delivered
personally or by overnight courier or sent by email, or 48 hours after being deposited in the U.S.
mail as certified or registered mail with postage prepaid, addressed to the party to be notified at
such party’s address as set forth on the signature page, as subsequently modified by written
notice, or if no address is specified on the signature page, at the most recent address set forth in
the Company’s books and records.
(f) Severability. If one or more provisions of this Agreement are held to be
unenforceable under applicable law, the parties agree to renegotiate such provision in good faith.
In the event that the parties cannot reach a mutually agreeable and enforceable replacement for
such provision, then (i) such provision shall be excluded from this Agreement, (ii) the balance of
the Agreement shall be interpreted as if such provision were so excluded and (iii) the balance of
the Agreement shall be enforceable in accordance with its terms.
OHSUSA:762685764 -4-
(g) Construction. This Agreement is the result of negotiations between and
has been reviewed by each of the parties hereto and their respective counsel, if any; accordingly,
this Agreement shall be deemed to be the product of all of the parties hereto, and no ambiguity
shall be construed in favor of or against any one of the parties hereto.
(h) Counterparts. This Agreement may be executed in any number of
counterparts, each of which when so executed and delivered shall be deemed an original, and all
of which together shall constitute one and the same agreement. Execution of a facsimile copy
will have the same force and effect as execution of an original, and a facsimile signature will be
deemed an original and valid signature.
[Signature Page Follows]
OHSUSA:762685764 -5-
The parties have executed this Nondisclosure Agreement as of the date first above
written.
DISCLOSER:
_________________________
By:
Name:
Title:
Address:
____________________________________
____________________________________
RECIPIENT:
(PRINT NAME)
By:
(Signature)
Name:
Title:
Address:
Email:
OHSUSA:762685764 -6-",General
DUTIES.,"1. DUTIES.
A. CONSULTANT agrees to exercise special skill to accomplish the following results in a manner
reasonably satisfactory to COMMISSION: ______________________________, as specified in Exhibit
A: Scope of Services, which by this reference is incorporated herein.
B. CONSULTANT shall provide the personnel listed below to perform the above-specified services, which
persons are hereby designated as key personnel under this Agreement.
Name Firm Function
Principal in Charge
Project Manager
C. No person named in paragraph B of this Section, or his or her successor, shall be removed or replaced by
CONSULTANT, nor shall his or her agreed-upon function hereunder be changed, without the prior
written consent of COMMISSION. Such consent shall not be unreasonably withheld.
D. CONSULTANT’S PROGRESS REPORTS AND/OR MEETINGS
1) The CONSULTANT shall submit written progress reports with each invoice. The report should be
sufficiently detailed for the Contract Manager to determine if the CONSULTANT is performing to
expectations or is on schedule; to provide communication of interim findings; and to sufficiently
address any difficulties or special problems encountered, so remedies can be developed.
2) The CONSULTANT’s Project Manager shall meet with the COMMISSION’s Contract Manager, as
needed, to discuss progress on the contract.",Performance
COMPENSATION.,"2. COMPENSATION.
In consideration for CONSULTANT accomplishing said result, COMMISSION agrees to pay
CONSULTANT as follows:
A. Total payment is not to exceed $_____for time and materials at the rates and conditions set forth in
Exhibit B: Fee Schedule, which by this reference is incorporated herein.
B. In no event, will the CONSULTANT be reimbursed for overhead costs at a rate that exceeds the
overhead rate set forth in the Fee Schedule.
C. Transportation and subsistence costs shall not exceed the rates authorized to employees under current
U.S. General Service Administration rules.
D. Reimbursable expenses will be billed by CONSULTANT and processed for payment upon approval of
the Contract Manager.
E. Progress payments will be made no less than monthly in arrears based on satisfactory services provided
and actual allowable incurred costs. A pro rata portion of the CONSULTANT’s fixed fee, if applicable,
will be included in the monthly progress payments. If CONSULTANT fails to submit the required
Page 1
deliverable items according to the schedule set forth in the Scope of Services, the COMMISSION may
delay payment and/or terminate this Agreement in accordance with the provisions of Section 4 of this
Agreement.
F. No payment will be made prior to approval of any work, nor for any work performed prior to approval
of this Agreement.
G. CONSULTANT shall not exceed milestone cost estimates as shown in Exhibit B, except with the prior
written approval of the Contract Manager.
H. The CONSULTANT will be reimbursed after receipt by the COMMISSION’s Contract Manager of
itemized invoices. Invoices shall be submitted no later than 45calendar days after the performance of
work for which the CONSULTANT is billing. Invoices shall be mailed to the COMMISSION’s
Contract Manager at the following address:
SCCRTC, 1523 Pacific Ave, Santa Cruz, CA, 95060
The invoices must include the following information:",Payment
"Labor (staff name, hours charged, hourly billing rate, current charges and cumulative","1. Labor (staff name, hours charged, hourly billing rate, current charges and cumulative
charges) performed during the billing period by task;",General
Itemized expenses incurred during the billing period;,2. Itemized expenses incurred during the billing period;,General
Total invoice/payment requested;,3. Total invoice/payment requested;,Payment
Total amount previously paid under this Agreement;,4. Total amount previously paid under this Agreement;,Legal
Report of expenditures by CONSULTANT and subconsultants for each task and subtask,"5. Report of expenditures by CONSULTANT and subconsultants for each task and subtask
or milestone and estimated percentage completion by such divisions of work;",General
"Written progress reports, in a format to be mutually agreed upon, that is sufficiently","6. Written progress reports, in a format to be mutually agreed upon, that is sufficiently
detailed for the Contract Manager to determine if the CONSULTANT is performing to
expectations and is on schedule; provides communication of interim findings; addresses
any difficulties or special problems encountered, so remedies can be developed; and other
information as requested by COMMISSION.",Performance
CONSULTANT's final invoice must be submitted within 60-calendar days after,"7. CONSULTANT's final invoice must be submitted within 60-calendar days after
acceptance of the CONSULTANT’s work by the Contract Manager.
I. For personnel subject to prevailing wage rates as described in the California Labor Code, all salary
increases, which are the direct result of changes in the prevailing wage rates are reimbursable.",General
TERM. This Agreement shall take effect on (DATE); contingent upon prior approval by the,"3. TERM. This Agreement shall take effect on (DATE); contingent upon prior approval by the
COMMISSION governing board, and the CONSULTANT shall commence work after notification to
proceed by the COMMISSION’S Contract Manager. The Agreement shall end on (DATE), unless earlier
terminated or extended by contract amendment. The CONSULTANT is advised that this Agreement is not
binding and enforceable until it is fully executed and approved by the COMMISSION's board.",Legal
EARLY TERMINATION.,"4. EARLY TERMINATION.
A. COMMISSION may terminate this Agreement for its convenience any time, in whole or part, by giving
CONSULTANT thirty-day (30-day) written notice thereof. Within thirty days of the COMMISSION's
receipt of CONSULTANT's final billing, COMMISSION shall pay CONSULTANT its allowable costs
incurred to date of termination and those allowable costs determined by COMMISSION to be
reasonably necessary to effect such termination. Thereafter, CONSULTANT shall have no further
claims against COMMISSION under this Agreement.
B. COMMISSION may terminate this Agreement for CONSULTANT's default if a federal or state
proceeding for the relief of debtors is undertaken by or against CONSULTANT, or CONSULTANT's
Page 2
principal, or if CONSULTANT or CONSULTANT's principal makes an assignment for the benefit of
creditors, or if CONSULTANT breaches any term(s) or violates any provision(s) of this Agreement and
does not cure such breach or violation within ten (10) days after written notice thereof by
COMMISSION. CONSULTANT shall be liable for any and all reasonable costs incurred by
COMMISSION as a result of such default, including but not limited to reprocurement costs of the same
or similar services defaulted by CONSULTANT under this Agreement.
C. CONSULTANT may terminate this Agreement by giving the COMMISSION at least one hundred and
twenty (120) days advance written notice. CONSULTANT shall be liable for any and all reasonable
costs incurred by COMMISSION as a result of such default, including but not limited to reprocurement
costs of the same or similar services defaulted or not provided by CONSULTANT under this
Agreement.",Termination
"INDEMNIFICATION FOR DAMAGES, TAXES AND CONTRIBUTIONS.","5. INDEMNIFICATION FOR DAMAGES, TAXES AND CONTRIBUTIONS.
CONSULTANT shall exonerate, indemnify, defend, and hold harmless the COMMISSION (which for the
purpose of this Agreement shall include, without limitation, its officers, agents, employees and volunteers)
from and against:
A. Any and all claims, demands, losses, damages, defense costs, or liability of any kind or nature which
COMMISSION may sustain or incur or which may be imposed upon it for injury to or death of persons,
or damage to property which arise out of, pertain to, or relate to CONSULTANT’S negligence,
recklessness, or willful misconduct under the terms of this Agreement. Such indemnification includes
any damage to the person(s), or property(ies) of CONSULTANT and third persons.
B. Any and all Federal, State and Local taxes, charges, fees, or contributions required to be paid with
respect to CONSULTANT and CONSULTANT’S officers, employees and agents engaged in the
performance of this Agreement (including, without limitation, unemployment insurance, social security
and payroll tax withholding).",Liability
"INSURANCE. CONSULTANT, at its sole cost and expense, for the full term of this Agreement, and any","6. INSURANCE. CONSULTANT, at its sole cost and expense, for the full term of this Agreement, and any
extensions thereof, shall obtain and maintain at minimum compliance with all of the following insurance
coverage(s) and requirements. Such insurance coverage shall be primary coverage as respects
COMMISSION and any insurance or self-insurance maintained by COMMISSION shall be excess of
CONSULTANT’S insurance coverage and shall not contribute to it.
If CONSULTANT utilizes one or more subconsultants in the performance of this Agreement,
CONSULTANT shall obtain and maintain Independent CONSULTANT’s Insurance as to each subconsultant
or otherwise provide evidence of insurance coverage from each subconsultant equivalent to that required of
CONSULTANT in this Agreement.
A. Types of Insurance and Minimum Limits
1) Workers’ Compensation in the minimum statutorily required coverage amounts. This insurance
coverage shall not be required if the CONSULTANT has no employees and certifies to this fact by
initialing here .
2) Automobile Liability Insurance for each of CONSULTANT’S vehicles used in the performance of
this Agreement, including owned, non-owned (e.g. owned by CONSULTANT’S employees), leased
or hired vehicles, in the minimum amount of $1,000,000 combined single limit per occurrence for
bodily injury and property damage. This insurance coverage shall not be required if vehicle use by
the CONSULTANT is not a material part of performance of this Agreement and CONSULTANT and
COMMISSION both certify to this fact by initialing here / .
Page 3
3) Comprehensive or Commercial General Liability Insurance coverage in the minimum amount of one
million dollars ($1,000,000) combined single limit (CSL), including coverage for: (a) bodily injury,
(b) personal injury, (c) broad form property damage, (d) contractual liability, and (e) cross-liability.
4) Professional Liability Insurance in the minimum amount of one million dollars ($1,000,000)
combined single limit, if, and only if, this Subparagraph is initialed by CONSULTANT and
COMMISSION __ / .
B. Other Insurance Provisions
1) If any insurance coverage required in this Agreement is provided on a “Claims Made” rather than
“Occurrence” form, CONSULTANT agrees to maintain the required coverage for a period of three
(3) years after the expiration of this Agreement (hereinafter “post agreement coverage”) and any
extensions thereof. CONSULTANT may maintain the required post agreement coverage by renewal
or purchase of prior acts or tail coverage. This provision is contingent upon post agreement coverage
being both available and reasonably affordable in relation to the coverage provided during the term of
this Agreement. For purposes of interpreting this requirement, a cost not exceeding 100% of the last
annual policy premium during the term of this Agreement in order to purchase prior acts or tail
coverage for post agreement coverage shall be deemed to be reasonable. The COMMISSION will not
be responsible for any premiums or assessments on the policy.
2) All required Automobile and Comprehensive or Commercial General Liability Insurance shall be
endorsed to contain the following clause:
“Santa Cruz County Regional Transportation Commission, its officials, employees, agents and
volunteers are added as an additional insured as respects the operations and activities of, or on behalf
of, the named insured performed under Agreement with the Commission.”
3) All required insurance policies shall be endorsed to contain the following clause:
“This insurance shall not be canceled until after thirty (30) days prior written notice has been given
to:
Santa Cruz County Regional Transportation Commission
Attn: Yesenia Parra
1523 Pacific Avenue
Santa Cruz, CA 95060
4) CONSULTANT agrees to provide its insurance broker(s) with a full copy of these insurance
provisions and provide COMMISSION on or before the effective date of this Agreement with
Certificates of Insurance for all required coverages. All Certificates of Insurance shall be delivered or
sent to:
Santa Cruz County Regional Transportation Commission
Attn: Yesenia Parra
1523 Pacific Avenue
Santa Cruz, CA 95060
5) The CONSULTANT agrees that the insurance herein provided for, shall be in effect at all times
during the term of this contract. In the event said insurance coverage expires at any time or times
during the term of this contract, the CONSULTANT agrees to provide at least thirty (30) days prior
notice to said expiration date; and a new Certificate of Insurance evidencing insurance coverage as
provided for herein, for not less than either the remainder of the term of the contract, or for a period
of not less than one (1) year. New Certificates of Insurance are subject to the approval of the
COMMISSION. In the event the CONSULTANT fails to keep in effect at all times insurance
Page 4
coverage as herein provided, the COMMISSION may, in addition to any other remedies it may have,
terminate this Agreement upon occurrence of such event.
6) If any insurance policy of CONSULTANT required by this document includes language
conditioning the insurer’s legal obligation to defend or indemnify COMMISSION on the
performance of any act(s) by the named insured, then said insurance policy, by endorsement,
shall also name the COMMISSION as a named insured. Notwithstanding the foregoing, both
the CONSULTANT and its insurers agree that by naming the COMMISSION as a named
insured, the COMMISSION may at its sole direction, but is not obligated to, perform any act
required by the named insured under said insurance policies.
7) CONSULTANT shall do all things required to be performed by it pursuant to its insurance policies
including but not limited to paying within five (5) work days, all deductibles and self-insured
retentions (SIR) required to be paid under any insurance policy that may provide defense or
indemnity coverage to COMMISSION or any additional insured.
8) CONSULTANT shall cause the foregoing provisions to be inserted in all subcontracts for any work
covered under this Agreement by a subconsultant compensated more than $50,000 and employing
more than fifteen (15) employees, provided that the foregoing provisions shall not apply to contracts
or subcontracts for standard commercial supplies or raw materials.",Legal
"FEDERAL, STATE AND LOCAL LAWS. CONSULTANT warrants that in the performance of this","7. FEDERAL, STATE AND LOCAL LAWS. CONSULTANT warrants that in the performance of this
Agreement, it shall exercise usual and customary professional care in its efforts to comply with all applicable
federal, state and local laws, statutes and ordinances and all lawful orders, rules and regulations promulgated
thereunder. In the event of a conflict between the laws and lawful regulations of any government entities
having jurisdiction over the project, the CONSULTANT shall notify COMMISSION of the nature and
impact of such conflict. The COMMISSION agrees to cooperate and work with the CONSULTANT in an
effort to resolve any conflict.",Legal
"EQUAL EMPLOYMENT OPPORTUNITY. During and in relation to the performance of this Agreement,","8. EQUAL EMPLOYMENT OPPORTUNITY. During and in relation to the performance of this Agreement,
CONSULTANT agrees to the following:
The CONSULTANT shall not discriminate or permit discrimination against any employee or applicant for
employment in any manner prohibited by Federal, State and local laws, including but not limited to race,
color, gender, religion, national origin, ancestry, physical or mental disability, medical condition, marital
status, sexual orientation, age (over 18), veteran status, pregnancy, or any other non-merit factor unrelated to
job duties.
Such action shall include, but not be limited to, the following: recruitment; advertising, layoff or termination;
rates of pay or other forms of compensation; and selection for training (including apprenticeship),
employment, upgrading, demotion, or transfer. The CONSULTANT agrees to post in conspicuous places,
available to employees and applicants for employment, notice setting forth the provisions of this non-
discrimination clause.
CONSULTANT shall comply fully with all federal, State and local laws and regulations which prohibit
discrimination. The CONSULTANT’s signature affixed herein, and dated, shall constitute a certification
under penalty of perjury under the laws of the State of California that the CONSULTANT has, unless
exempt, complied with, the nondiscrimination program requirements of Government Code Section 12990 and
Title 2, California Administrative Code, Section 8103.
Page 5
In the event of CONSULTANT’S non-compliance with the non-discrimination clauses of this Agreement or
with any of the said rules, regulations or orders the COMMISSION may cancel, terminate or suspend the
Agreement in whole or in part. CONSULTANT may also be declared ineligible for further agreements with
the COMMISSION.",Employment
"HARASSMENT. The COMMISSION maintains a strict policy prohibiting unlawful harassment, including","9. HARASSMENT. The COMMISSION maintains a strict policy prohibiting unlawful harassment, including
sexual harassment, in any form, including verbal, physical and visual harassment by any employee,
supervisor, manager, officer or Board member, or agent of the employer. Vendors, CONSULTANTs, and
consultants shall not engage in conduct that has an effect of unreasonably interfering with a COMMISSION
employee's work performance or creates an intimidating, hostile or offensive work environment.",Legal
"LICENSES. If a license of any kind is required of CONSULTANT, its employees, agents, or sub","10. LICENSES. If a license of any kind is required of CONSULTANT, its employees, agents, or sub
CONSULTANTs by Federal or State law, CONSULTANT warrants that such license has been obtained, is
valid and in good standing, that CONSULTANT shall keep it in effect at all times during the terms of this
Agreement, and that any applicable bond has been posted in accordance with all applicable laws and
regulations.",Employment
INDEPENDENT CONSULTANT STATUS. CONSULTANT and COMMISSION have reviewed and,"11. INDEPENDENT CONSULTANT STATUS. CONSULTANT and COMMISSION have reviewed and
considered the principal test and secondary factors herein and agree that CONSULTANT is an independent
CONSULTANT and not an employee of COMMISSION. CONSULTANT is responsible for all insurance
(workers compensation, unemployment, etc.) and all payroll related taxes. CONSULTANT is not entitled to
any employee benefits. COMMISSION agrees that CONSULTANT shall have the right to control the
manner and means of accomplishing the result contracted for herein.
PRINCIPAL TEST: The CONSULTANT rather than COMMISSION has the right to control the manner and
means of accomplishing the result contracted for.
SECONDARY FACTORS: (a) The extent of control which, by agreement, COMMISSION may exercise
over the details of the work is slight rather than substantial; (b) CONSULTANT is engaged in a distinct
occupation or business; (c) In the locality, the work to be done by CONSULTANT is usually done by a
specialist without supervision, rather than under the direction of an employer; (d) The skill required in the
particular occupation is substantial rather than slight; (e) The CONSULTANT rather than the COMMISSION
supplies the instrumentalities, tools and work place; (f) The length of time for which CONSULTANT is
engaged is of limited duration rather than indefinite; (g) The method of payment of CONSULTANT is by the
job rather than by the time; (h) The work is part of a special or permissive activity, program, or project, rather
than part of the regular business of COMMISSION; (i) CONSULTANT and COMMISSION believe they are
creating an independent CONSULTANT relationship rather than an employer-employee relationship; and (j)
The COMMISSION conducts public business.
It is recognized that it is not necessary that all secondary factors support creation of an independent
CONSULTANT relationship, but rather that overall there are significant secondary factors which indicate
that CONSULTANT is an independent CONSULTANT.
By their signatures to this Agreement, each of the undersigned certifies that it is his or her considered
judgment that the CONSULTANT engaged under this Agreement is in fact an independent CONSULTANT.",General
RETENTION AND AUDIT OF RECORDS. For the purpose of determining compliance with Public,"12. RETENTION AND AUDIT OF RECORDS. For the purpose of determining compliance with Public
Contract Code 10115, et seq. and Title 21, California Code of Regulations, Chapter 21, Section 2500 et seq.,
if applicable and other matters connected with the performance of the contract pursuant to Government Code
8546.7: CONSULTANT, subconsultants, and the COMMISSION shall maintain all books, documents,
papers, accounting records, and other evidence pertaining to the performance of the contract, including but
Page 6
not limited to, the costs of administering the Agreement. All parties shall make such materials available at
their respective offices at all reasonable times during the Agreement period and for five (5) years from the
date of final payment under this Agreement or until a final audit report is accepted by COMMISSION,
whichever occurs first. The COMMISSION and any state or federal auditor, or any duly authorized
representative of the state or federal government shall have access to any books, records, and documents of
the CONSULTANT that are pertinent to the Agreement for audit, examinations, excerpts, and transactions,
and copies thereof shall be furnished if requested.
Subcontracts in excess of $25,000 shall contain this provision.",General
INSPECTION OF WORK,"13. INSPECTION OF WORK
The CONSULTANT and any subconsultant shall permit the COMMISSION, the state, and the FHWA if
federal participating funds are used in this contract, to review and inspect the project activities and files at all
reasonable times during the term of this Agreement including review and inspection on a daily basis.",General
ACKNOWLEDGMENT. CONSULTANT shall acknowledge in all reports and literature that the material is,"14. ACKNOWLEDGMENT. CONSULTANT shall acknowledge in all reports and literature that the material is
prepared for and on behalf of the COMMISSION.",Performance
"WORK PRODUCTS. All material, data, information, and written, graphic or other work produced under","15. WORK PRODUCTS. All material, data, information, and written, graphic or other work produced under
this Agreement is subject to the unqualified and unconditional right of the COMMISSION to use, reproduce,
publish, display, and make derivative use of all such work, or any part of it, free of charge and in any manner
and for any purpose; and to authorize others to do so. If any of the work is subject to copyright, trademark,
service mark, or patent, CONSULTANT now grants to the COMMISSION a perpetual, royalty-free,
nonexclusive and irrevocable license to use, reproduce, publish, use in the creation of derivative works, and
display and perform the work, or any part of it, and to grant to any third party a comparable and coextensive
sublicense.
CONSULTANT shall include in any subcontract with a third party for work under this Agreement terms that
preserve the rights, interests, and obligations created by this Section, and that identify the COMMISSION as
a third-party beneficiary of those provisions.
The CONSULTANT shall not utilize the work produced under this Agreement for any profit-making venture,
or sell or grant rights to a third party for that purpose.
A. Upon completion of all work under this contract, ownership and title to all custom letters, reports,
documents, plans, specifications, and estimates and other products produced as part of this Agreement
(herein ""deliverables"") will automatically be vested in the COMMISSION; and no further agreement will
be necessary to transfer ownership to the COMMISSION. The CONSULTANT shall furnish the
COMMISSION all necessary copies of data needed to complete the review and approval process. Copies
may be made for CONSULTANT's records but shall not be furnished to others without the
COMMISSION's prior written authorization. Such deliverables shall be deemed works made for hire and
all rights in copyright therein shall be retained by COMMISSION. All information derived from these
deliverables is deemed confidential and may not be disclosed to any other party without the express prior
written consent of COMMISSION. No information obtained during audit work performed under this
Agreement may be used by CONSULTANT for any purpose (internal or external), nor may the
information be discussed with others without the prior written consent of COMMISSION.
B. Any subcontract in excess of $25,000 entered into as a result of this contract, shall contain all of the
provisions of this Section.
Page 7",Intellectual_Property
SAFETY,"16. SAFETY
A. The CONSULTANT shall comply with OSHA regulations applicable to CONSULTANT regarding
necessary safety equipment or procedures. The CONSULTANT shall comply with safety instructions
issued by the COMMISSION Safety Officer and other COMMISSION representatives. CONSULTANT
personnel shall wear hard hats and safety vests at all times while working on the Santa Cruz Branch Rail
Line.
B. Areas within the limits of the project are open to public and private traffic. The CONSULTANT shall
comply with all of the requirements set forth in Divisions 11, 12, 13, 14, and 15 of the Vehicle Code. The
CONSULTANT shall take all reasonably necessary precautions for safe operation of its vehicles and the
protection of the traveling public from injury and damage from such vehicles.
C. Any subcontract entered into as a result of this contract, shall contain all of the provisions of this Section.",General
MODIFICATION OF AGREEMENT.,"17. MODIFICATION OF AGREEMENT.
A. This Agreement may be amended or modified only by mutual written agreement of the parties.
B. The CONSULTANT shall only commence work covered by an amendment after the amendment is
executed and notification to proceed has been provided by the COMMISSION’s Contract Manager.
C. There shall be no change in the CONSULTANT’s Project Manager or members of the project team, as
listed in the approved Fee Schedule, which is a part of this Agreement without prior written approval by
the COMMISSION’s Contract Manager.
D. No oral understanding or agreement not incorporated herein shall be binding on the parties.",Legal
DISPUTES. This Agreement shall be construed under the laws of the State of California. Pending final,"18. DISPUTES. This Agreement shall be construed under the laws of the State of California. Pending final
resolution of a dispute hereunder, CONSULTANT shall proceed diligently with the performance of this
Agreement and shall comply with COMMISSION’s instructions.
A. Any dispute, other than audit, concerning a question of fact arising under this Agreement that is not
disposed of by agreement shall be decided by a committee consisting of the COMMISSION’s Contract
Manager and Executive Director, who shall consider written or verbal information submitted by the
CONSULTANT.
B. Not later than 30 days after completion of all deliverables necessary to complete the plans, specifications
and estimate, the CONSULTANT may request review by the COMMISSION GOVERNING BOARD of
unresolved claims or disputes, other than audit. The request for review must be submitted in writing.
C. Neither the pendency of a dispute, nor its consideration by the committee will excuse the CONSULTANT
from full and timely performance in accordance with the terms of this contract.",Legal
AUDIT REVIEW PROCEDURES,"19. AUDIT REVIEW PROCEDURES
A. Any dispute concerning a question of fact arising under an interim or post-completion audit of this
Agreement that is not disposed of by agreement, shall be reviewed by the COMMISSION’S Contract
Manager.
B. Not later than 30 days after issuance of the final audit report, the CONSULTANT may request a review
by the COMMISSION’S Executive Director of unresolved audit issues. The request for review will be
submitted in writing.
C. Neither the pendency of a dispute nor its consideration by the COMMISSION will excuse the
CONSULTANT from full and timely performance, in accordance with the terms of this contract.",General
SUBCONTRACTING,"20. SUBCONTRACTING
A. The CONSULTANT shall perform the work contemplated with resources available within its own
organization; and no portion of the work pertinent to this Agreement shall be subcontracted without prior
written authorization by the COMMISSION’S Contract Manager, except that, which is expressly
identified in the approved Fee Schedule.
Page 8
B. Any subcontract in excess of $25,000 entered into as a result of this contract, shall contain all the
provisions required by this Agreement to be applicable to those subconsultants.
C. No substitution of subconsultants shall be valid until approved in writing by the COMMISSION’s
Contract Manager.",General
NONASSIGNMENT. The CONSULTANT shall not assign the Agreement without the prior written consent,"21. NONASSIGNMENT. The CONSULTANT shall not assign the Agreement without the prior written consent
of the COMMISSION.",Legal
"REBATES, KICKBACKS OR OTHER UNLAWFUL CONSIDERATION. The CONSULTANT","22. REBATES, KICKBACKS OR OTHER UNLAWFUL CONSIDERATION. The CONSULTANT
warrants that this Agreement was not obtained or secured through rebates kickbacks or other unlawful
consideration, either promised or paid to any COMMISSION employee. For breach or violation of this
warranty, COMMISSION shall have the right in its discretion to terminate the Agreement without liability; to
pay only for the value of the work actually performed; or to deduct from the contract price; or otherwise
recover the full amount of such rebate, kickback or other unlawful consideration.",Legal
NOTIFICATION. All notices hereunder and communications regarding interpretation of the terms of this,"23. NOTIFICATION. All notices hereunder and communications regarding interpretation of the terms of this
Agreement and changes thereto, shall be effected by the mailing thereof by registered or certified mail, return
receipt requested, postage prepaid, and addressed as follows:
CONSULTANT:
__________(CONSULTANT)_______________
__________(NAME)________, Project Manager
__________(ADDRESS)____________________
COMMISSION:
Santa Cruz County Regional Transportation Commission (SCCRTC)
Luis Mendez, Contract Manager
1523 Pacific Ave, Santa Cruz, CA 95060",General
COMPLETE AGREEMENT,"24. COMPLETE AGREEMENT
A. AGREEMENT: The two parties to this Agreement, who are the before named CONSULTANT and the
before named COMMISSION, hereby agree that this Agreement constitutes the entire Agreement which
is made and concluded in duplicate between the two parties. Both of these parties for and in consideration
of the payments to made, conditions mentioned, and work to be performed; each agree to diligently
perform in accordance with the terms and conditions of this Agreement as evidenced by the signatures
below.
B. COMMISSION DESIGNEE: The Executive Director of COMMISSION, or his or her designee, shall
have the authority to act for and exercise any of the rights of COMMISSION as set forth in this
Agreement subsequent to, and in accordance with the authorization granted by the COMMISSION.
C. COMPLETE AGREEMENT, INCLUDING ATTACHMENTS. This Agreement includes all exhibits,
attachments, and documents incorporated herein and made applicable by reference, constitutes the
complete and exclusive statement of the terms and conditions of the Agreement between COMMISSION
and CONSULTANT, and supersedes all prior representations, understandings and communications. The
invalidity in whole or in part of any term or condition of this Agreement shall not affect the validity of
other terms or conditions. The COMMISSION’s waiver of CONSULTANT's performance of any term(s)
or condition(s) of this Agreement shall not be construed as a waiver for any future performance of such
term(s) or conditions(s
D. Attachments are:
 Exhibit A: Scope of Services
Page 9
 Exhibit B: Fee Schedule
Each of the undersigned represents and warrants that he or she is duly authorized to execute and deliver this
Agreement and that such execution is binding upon the entity for which he or she is executing this document.
IN WITNESS WHEREOF, the parties hereto have caused this Agreement No. _______ to be executed on the date
first written above.",Legal
CONSULTANT 2. SANTA CRUZ COUNTY REGIONAL,"1. CONSULTANT 2. SANTA CRUZ COUNTY REGIONAL
TRANSPORTATION COMMISSION
By: _______________________________ By: _____________________________
SIGNED SIGNED
_________________________________ ______________________________
PRINTED PRINTED
Company Name: _____________
Address: ______________
Telephone:( ) __________
Fax: ( ) __________
Email: ________________________",General
APPROVED AS TO INSURANCE: 4. APPROVED AS TO FORM:,"3. APPROVED AS TO INSURANCE: 4. APPROVED AS TO FORM:
_________________________ _________________________
Administrative Services Officer COMMISSION Counsel
DISTRIBUTION:
 RTC Fiscal & Contract Manager
 CONSULTANT
\\Rtcserv2\shared\CONTRACT\MASTERCO\Template\MasterContracts.doc
Page 10",General
Commencement,"1. Commencement
This contract will begin on ……………… and continue until terminated as set out in clause 4.",Performance
Place of work,"2. Place of work
…………………………………………………………….",General
Job description,"3. Job description
Job Title ……………………………………………….
(e.g.. Domestic worker, child minder, gardener, etc)
Duties ..…………………………………………
…………………………………………………………….
…………………………………………………………….
…………………………………………………………….",General
Termination of employment (See Guidelines 2 and 3),"4. Termination of employment (See Guidelines 2 and 3)
Either party can terminate this agreement with four weeks written notice. In the
case where an employee is illiterate notice may be given by that employee
verbally.",Employment
Wage (See Guidelines 4 and 5),"5. Wage (See Guidelines 4 and 5)
5.1 The employees wage shall be paid in cash on the R………….
last working day of every week/month and shall
be:
5.2 The employee shall be entitled to the following
allowances/payment in kind:
5.2.1 A weekly/monthly transport allowance of R………….
5.2.2 Meals per week/month to the value of R………….
5.2.3 Accommodation per week/month to the value of R………….
5.3 The total value of the above remuneration shall be R………….
(The total of clauses 5.1 to 5.2.3)
(Modify or delete clauses 5.2.1 to 5.2.3 as
needed)
5.4 The employer shall review the employee’s salary/wage once a year.",Payment
Hours of work (See Guideline 6),"6. Hours of work (See Guideline 6)
6.1 Normal working hours will be from ………… a.m. to …………. p.m. on
Mondays to Fridays and from ……………a.m. to ………..p.m. on Saturdays.
6.2 Overtime will only be worked if agreed upon between the parties from time to
time.
6.3 The employee will be paid for overtime at the rate of one and a half times
his/her total wage as set out in clause 5.3.",General
Meal Intervals (See Guideline 7),"7. Meal Intervals (See Guideline 7)
The employee agrees to a lunch break of one hour/30 minutes (delete the one
that is that not applicable). Lunchtime will be taken from ………… to ……………
daily.",General
Sunday work (See Guideline 8),"8. Sunday work (See Guideline 8)
Any work on Sundays will be by agreement between the parties from time to
time.
If the employee works on a Sunday he/she shall be paid double the wage for
each hour worked.",General
Public Holidays (See Guideline 9),"9. Public Holidays (See Guideline 9)
The employee will be entitled to all official public holidays on full pay.
If an employee does not work on a public holiday, he/she shall receive normal
payment for that day.
If the employee works on a public holiday he/she shall be paid double.",General
Annual Leave (See Guideline 10),"10. Annual Leave (See Guideline 10)
10.1 The employee is entitled to……….. days paid leave after every 12 months
of continuous service. Such leave is to be taken at times convenient to the
employer and the employer may require the employee to take his/her leave at
such times as coincide with that of the employer.",Employment
Sick leave (See Guideline 11),"11. Sick leave (See Guideline 11)
11.1 During every sick leave cycle of 36 months the employee will be entitled to
an amount of paid sick leave equal to the number of days the employee would
normally work during a period of six weeks.
11.2 During the first six months of employment the employee will entitled to one
day’s paid sick leave for every 26 days worked.
11.3 The employee is to notify the employer as soon as possible in case of
his/her absence from work through illness.",Employment
Maternity leave (See Guideline 12),"12. Maternity leave (See Guideline 12)
(Tick the applicable clauses in the space provided).
12.1 The employee will be entitled to …………. days maternity leave without pay; or
12.2 The employee will be entitled to ………… days maternity leave on ………… pay",Employment
Family responsibility leave (See Guideline 13),"13. Family responsibility leave (See Guideline 13)
The employee will be entitled to three days family responsibility leave during
each leave cycle.",Employment
Deductions from remuneration (See Guideline 14),"14. Deductions from remuneration (See Guideline 14)
The employer may not deduct any monies from the employee’s wage unless the
employee has agreed to this in writing on each occasion.",Payment
Accommodation,"15. Accommodation
(Tick the applicable boxes).
15.1 The employee will be provided with accommodation for as long as the employee is in
the service of the employer, and which shall form part of his/her remuneration package
15.2 The accommodation may only be occupied by the worker, unless prior arrangement
with the employer.
15.3 Prior permission should be obtained for visitors who wish to stay the night. However
where members of the employees direct family are visiting, such permission will not be
necessary.",Employment
Clothing (Delete this clause if not applicable),"16. Clothing (Delete this clause if not applicable)
………… sets of uniforms will be supplied to the employee by the employer and
will remain the property of the employer.",Employment
Other conditions of employment or benefits,"17. Other conditions of employment or benefits
…………………………………………………………….
…………………………………………………………….
…………………………………………………………….
…………………………………………………………….
…………………………………………………………….
…………………………………………………………….
…………………………………………………………….
…………………………………………………………….
…………………………………………………………….
…………………………………………………………….",Employment
General,"18. General
Any changes to this agreement will only be valid if they are in writing and have
been agreed and signed by both parties.
THUS DONE AND SIGNED AT ………………….. ON THIS ………… DAY OF
…………………………. 199...
…………………………………………………………….
EMPLOYER EMPLOYEE
Witnesses:
…………………………………………………………….
…………………………………………………………….
GUIDELINES
Notice period and termination of employment
In terms of the Basic Conditions of Employment Act, any party to an employment
contract must give to the other written notice of termination as follows:
• One week, if employed for four weeks or less
• Four weeks if employed for more than four weeks.
Procedure for termination of employment
Whilst the contract of employment makes provision for termination of
employment, it must be understood that the services of an employee may not be
terminated unless a valid and fair reason exists and fair procedure is followed. If
an employee is dismissed without a valid reason or without a fair procedure, the
employee may approach the CCMA for assistance.
Pro-rata leave and severance pay might be payable.
In the event of a domestic worker being unable to return to work due to disability,
the employer must investigate the nature of the disability and ascertain whether
or not it is permanent or temporary. The employer must try to accommodate the
employee as far as possible for example, amending or adapting their duties to
suit the disability. However, in the event of it not being possible for the employer
to adapt the domestic workers duties and/or to find alternatives, then such
employer may terminate the services of the domestic worker.
The Labour Relations Act, 66 of 1995 sets out the procedures to be followed at
the termination of services in the Code of Good Practice, in Schedule 8.
Wage/Remuneration/Payment
There is no prescribed minimum rate of remuneration. Additional payments (such
as for overtime or work on Sundays or Public Holidays) are calculated from the
total remuneration as indicated in clause 5.3 of the contract. The total
remuneration is the total of the money received by the employee and the
payment in kind (i.e. the value of food and accommodation etc.). Payment in kind
may not be less than R100.
Transport allowances, bonuses, increases
These are not regulated by Basic Conditions of Employment Act and are
therefore open to negotiation between the parties.
Hours of work
Normal hours (excluding overtime)
A domestic worker may not be made to:
• work more than 45 hours a week;
• work more than nine hours per day for a five day work
week;
• work more than eight hours a day for a six day work
week; and
Overtime
A domestic worker may not work more than three hours of
overtime per day or 10 hours per week and must be paid at least
1.5 times the wage or may agree to receive paid time off. .
Daily and weekly rest periods
A daily rest period of 12 consecutive hours and a weekly rest
period of 36 consecutive hours, which must include Sunday,
unless otherwise agreed, must be allowed.
The daily rest period may by agreement be reduced to 10 hours
for an employee who live on the premises whose meal interval
lasts for at least three hours.
The weekly rest period may by agreement be extended to 60
consecutive hours every two weeks or be reduced to eight hours
in any week if the rest period in the following week is extended
equivalently.
Meal intervals
A domestic worker is entitled to a one-hour break for a meal after not more than
five hours work. Such interval may be reduced to 30 minutes, by agreement
between the parties. If required or permitted to work during this period,
remuneration must be paid.
Sunday work
Work on Sundays is voluntary and a domestic worker can therefore not be forced
to work on a Sunday.
If the employee works on a Sunday he/she shall be paid double the daily wage.
If the employee ordinarily works on a Sunday he/she shall be paid one and one-
half time the wage for every hour worked.
Public Holidays
The days mentioned in the Public Holidays Act must be granted but the parties
can agree to further public holidays. Work on a public holiday is entirely voluntary
and a domestic worker may not be forced to work on such public holiday.
The official public holidays are:
• New Years Day (1 January)
• Human Rights Day (21 March)
• Good Friday (varies)
• Family Day (varies)
• Freedom Day (27 April)
• Workers Day (1 May)
• Youth day (16 June)
• National Woman’s Day (9 August)
• Heritage Day (24 September)
• Day of Reconciliation (16 December)
• Christmas Day (25 December)
• Day of Goodwill (26 December)
Any other day declared an official public holiday from time to time should also be
granted.
These days can be exchanged for any other day by agreement.
If the employee works on a public holiday he/she shall be paid double the normal
days wage.
Annual Leave
Annual leave may not be less than 21 consecutive days for full-time workers or
by agreement, one day for every 17 days worked or one hour for every 17 hours
worked.
The leave must be granted not later than six months after completion of the
period of 12 consecutive months of employment. The leave may not be granted
concurrent with any period of sick leave, nor with a period of notice of termination
of the contract of employment.
Sick leave
During every sick leave cycle of 36 months an employee is entitled to an amount
of paid sick leave equal to the number of days the employee would normally work
during a period of six weeks.
During the first six months of employment, an employee is entitled to one day’s
paid sick leave for every 26 days worked.
The employer is not required to pay an employee if the employee has been
absent from work for more than two consecutive days or on more than two
occasions during an eight-week period and, on request by the employer, does
not produce a medical certificate stating that the employee was unable to work
for the duration of the employee’s absence on account of sickness or injury.
Maternity leave
The employee is entitled to at least four consecutive months’ maternity leave.
The employer is not obliged to pay the domestic worker for the period for which
she is off work due to her pregnancy. However the parties may agree that the
domestic worker will receive part of or her entire salary/wage for the time that she
is off due to pregnancy.
Family responsibility leave
Employees employed for longer than four months and for at least four days a
week are entitled to take three days’ paid family responsibility leave during each
leave cycle when the employee’s child is born, or when the employee’s child is
sick or in the event of the death of the employee’s spouse or life partner or
parent, adoptive parent, grandparent, child, adopted child, grandchild or sibling.
Deduction from the remuneration
The Basic Conditions of Employment Act prohibits an employer from deducting
any monies from the workers wages without his/her written permission.
Other issues
There are certain other issues which are not regulated by the Basic Conditions of
Employment Act such as probationary periods, right of entry to the employers
premises, afternoons off, weekends off and pension schemes, medical aid
schemes, training/school fees, funeral benefits and savings account, however the
aforementioned may be negotiated between the parties and included in the
contract of employment.
Prohibition of Employment
The Basic Conditions of Employment Act prohibits employment of any person
under the age of 15 and it is therefore important for an employer to verify the age
of the domestic worker by requesting a copy of the identity document or birth
certificate.
Other conditions of employment
There is no provision, which prevents any other conditions of employment being
included in a contract of employment but any provision which sets conditions
which are less favourable than those set by the Act, would be invalid.
Please note: these guidelines are not meant to be a complete summary of the Basic Conditions of
Employment Act and/or legal advice. Should there be any doubt as to rights and/or obligations in
terms of the Act or terms of any clause of the suggested Contract of Employment, such queries
can be directed to the local office of the Department of Labour, who will gladly assist",General
